{
  "Athens, Greece": "Athens, Greece",
  "Bandung, Indonesia": "Bandung, Indonesia",
  "Bangkok、Thailand": "Bangkok、Thailand",
  "Busan, South Korea": "Busan, South Korea",
  "California, USA": "California, USA",
  "Darjeeling, India": "Darjeeling, India",
  "Falkenberg, Sweden": "Falkenberg, Sweden",
  "Fukuoka, Japan": "Fukuoka, Japan",
  "Gunma, Japan": "Gunma, Japan",
  "Hong Kong": "Hong Kong",
  "Hull, United Kingdom:": "Hull, United Kingdom",
  "Hungary": "Hungary",
  "Hyogo, Japan": "Hyogo, Japan",
  "Indonesia": "Indonesia",
  "Jakarta, Indonesia": "Jakarta, Indonesia",
  "Japan": "Japan",
  "Kanagawa, Japan": "Kanagawa, Japan",
  "Kansas, USA": "Kansas, USA",
  "Kentucky, USA": "Kentucky, USA",
  "Kyoto, Japan": "Kyoto, Japan",
  "Louisiana, USA": "Louisiana, USA",
  "Malaysia": "Malaysia",
  "Manila, Philippines": "Manila, Philippines",
  "Miaoli": "Miaoli",
  "Mie, Japan": "Mie, Japan",
  "Nebraska, USA": "Nebraska, USA",
  "Niigata, Japan": "Niigata, Japan",
  "Oaxaca, México": "Oaxaca, México",
  "Ontario, Canada": "Ontario, Canada",
  "Oita, Japan": "Oita, Japan",
  "Perth, Australia": "Perth, Australia",
  "Singapore": "Singapore",
  "South Korea": "South Korea",
  "Sydney, Australia": "Sydney, Australia",
  "Taipei": "Taipei",
  "Taoyuan": "Taoyuan",
  "Texas, USA": "Texas, USA",
  "The Netherlands": "The Netherlands",
  "Tokyo, Japan": "Tokyo, Japan",
  "Yokohama, Japan": "Yokohama, Japan"
}
