{
  "Aichi, Japan": "日本愛知県",
  "Alabama, USA": "アメリカ・アラバマ州",
  "Athens, Greece": "ギリシャ・アテネ",
  "Auckland, New Zealand": "ニュージーランド・オークランド",
  "Bacolod City, Philippines": "フィリピン・バコロド市",
  "Bandung, Indonesia": "インドネシア・バンドン",
  "Bangkok, Thailand": "タイ・バンコク",
  "Beidou, Changhua": "彰化県北斗鎮",
  "Buenos Aires, Argentina": "アルゼンチン・ブエノスアイレス",
  "Busan, South Korea": "大韓・釜山広域市",
  "California, USA": "アメリカ・カリフォルニア州",
  "Chennai, India": "インド・チェンナイ",
  "Chihuahua, Mexico": "メキシコ・チワワ州",
  "Darjeeling, India": "インド・ダージリン",
  "Falkenberg, Sweden": "スウェーデン・ファルケンベリ",
  "France": "フランス",
  "Fukuoka, Japan": "日本福岡県",
  "Gunma, Japan": "日本群馬県",
  "Hong Kong": "香港",
  "Hull, United Kingdom": "イギリス・キングストン・アポン・ハル",
  "Hungary": "ハンガリー",
  "Hyogo, Japan": "日本兵庫県",
  "Indonesia": "インドネシア",
  "Jakarta, Indonesia": "インドネシア・ジャカルタ",
  "Japan": "日本",
  "Kanagawa, Japan": "日本神奈川県",
  "Kansas, USA": "アメリカ・カンザス州",
  "Kentucky, USA": "アメリカ・ケンタッキー州",
  "Kyoto, Japan": "日本京都府",
  "Louisiana, USA": "アメリカ・ルイジアナ州",
  "Malaysia": "マレーシア",
  "Manitoba, Canada": "カナダ・マニトバ州",
  "Manila, Philippines": "フィリピン・マニラ",
  "Miaoli": "苗栗市",
  "Mie, Japan": "日本三重県",
  "Nebraska, USA": "アメリカ・ネブラスカ州",
  "Niigata, Japan": "日本新潟県",
  "Oaxaca, México": "メキシコ・オアハカ州",
  "Ontario, Canada": "カナダ・オンタリオ州",
  "Oita, Japan": "日本大分県",
  "Perth, Australia": "オーストラリア・パース市",
  "Singapore": "シンガポール",
  "South Korea": "大韓",
  "Sydney, Australia": "オーストラリア・シドニー市",
  "Taichung": "台中市",
  "Tainan": "台南市",
  "Taipei": "台北",
  "Thailand": "タイ",
  "Taoyuan": "桃園市",
  "Tochigi, Japan": "日本栃木県",
  "Texas, USA": "アメリカ・テキサス州",
  "The Netherlands": "オランダ",
  "Tokyo, Japan": "日本東京都",
  "Yokohama, Japan": "日本横浜市",
  "Zwolle, The Netherlands": "オランダ・ズヴォレ"
}
